Species,ADORA3,AFF22,AFF2,APP,ATXN7,AXIN1,AXIN1,BCOR,BDNF,CFTR,CNR1,CO2_ET,CXCR4,DACH1,DCTN2,DMRT1,EDG1,ERC2_ET,FAM123B,FBN1_ET,FOXP1,KCNMA1_ET,LRPPRC169_ET,LRPPRC171_ET,LUC7L,MAPKAP1,NEGR1_ET,NPAS32_ET,NPAS3_ET,POLA1,RAG1,RPGRIP1,TTR,ZIC3
Allenopithecus nigroviridis,HM765081.1,HM764719.1,HM764904.1,HM764554.1,HM764397.1,HM764223.1,HM764223.1,HM763901.1,HM763765.1,HM763500.1,HM763165.1,AY686150.1,-,HM762859.1,HM762687.1,HM762512.1,HM762335.1,HM762247.1,HM762001.1,HM761835.1,HM761508.1,HM761189.1,HM761071.1,HM760924.1,HM760769.1,HM760609.1,HM760257.1,HM759897.1,HM760081.1,HM759373.1,HM759012.1,HM758651.1,HM757630.1,HM756746.1
Allochrocebus lhoesti,HM765089.1,HM764728.1,HM764937.1,HM764563.1,HM764424.1,HM764232.1,HM764232.1,HM763910.1,HM763774.1,HM763533.1,HM763174.1,AY686142.1,-,HM762885.1,HM762696.1,HM762541.1,HM762344.1,HM762225.1,HM762010.1,HM761843.1,HM761538.1,HM761230.1,-,-,HM760805.1,HM760639.1,HM760289.1,HM759929.1,HM760113.1,HM759404.1,HM759022.1,HM758691.1,HM757639.1,HM756755.1
Alouatta belzebul,HM765171.1,HM764809.1,HM764893.1,HM764641.1,-,HM764313.1,HM764313.1,HM763991.1,HM763841.1,HM763501.1,HM763257.1,-,-,HM762850.1,-,-,HM762423.1,-,-,HM761921.1,HM761497.1,HM761190.1,HM761140.1,HM761008.1,HM760770.1,HM760600.1,HM760246.1,HM759886.1,HM760070.1,-,AY065912.1,HM758639.1,HM757716.1,HM756835.1
Alouatta palliata,HM765173.1,HM764811.1,HM764906.1,HM764643.1,HM764399.1,HM764315.1,HM764315.1,HM763992.1,HM763842.1,-,HM763259.1,AF216252.1,-,HM762860.1,HM762763.1,HM762514.1,HM762425.1,HM762200.1,HM762090.1,HM761923.1,HM761510.1,HM761191.1,HM761141.1,HM761009.1,HM760772.1,HM760611.1,HM760259.1,HM759899.1,HM760083.1,HM759375.1,AY065908.1,HM758653.1,HM757718.1,HM756836.1
Alouatta sara,HM765174.1,HM764812.1,HM764907.1,HM764644.1,HM764400.1,HM764316.1,HM764316.1,HM763993.1,HM763843.1,HM763502.1,HM763260.1,-,-,HM762861.1,HM762764.1,HM762515.1,HM762426.1,HM762209.1,HM762091.1,HM761924.1,HM761511.1,HM761192.1,HM761142.1,HM761010.1,HM760773.1,HM760612.1,HM760260.1,HM759900.1,HM760084.1,HM759376.1,HM759100.1,HM758654.1,HM757719.1,HM756837.1
Aotus lemurinus,HM765178.1,HM764815.1,HM764901.1,HM764647.1,HM764394.1,HM764320.1,HM764320.1,HM763995.1,HM763844.1,HM763504.1,HM763264.1,U36843.1,-,HM762856.1,HM762769.1,HM762509.1,HM762430.1,HM762199.1,HM762095.1,HM761928.1,HM761505.1,HM761194.1,HM761144.1,HM761012.1,HM760774.1,HM760606.1,HM760254.1,HM759894.1,HM760078.1,HM759370.1,HM759104.1,HM758648.1,HM757723.1,HM756839.1
Aotus nancymaae,HM765179.1,HM764816.1,HM764903.1,HM764648.1,HM764396.1,HM764321.1,HM764321.1,HM763996.1,HM763845.1,-,HM763265.1,AF352254.1,FJ638411.1,HM762858.1,HM762768.1,HM762511.1,HM762431.1,HM762207.1,HM762096.1,HM761929.1,HM761507.1,HM761195.1,HM761145.1,HM761013.1,HM760775.1,HM760608.1,HM760256.1,HM759896.1,HM760080.1,HM759372.1,HM759105.1,HM758650.1,HM757724.1,HM756840.1
Aotus trivirgatus,HM765180.1,HM764817.1,HM764908.1,HM764649.1,HM764401.1,HM764322.1,HM764322.1,HM763997.1,HM763846.1,HM763505.1,HM763266.1,-,-,HM762862.1,HM762770.1,HM762516.1,HM762432.1,HM762245.1,HM762097.1,HM761930.1,HM761512.1,HM761196.1,HM761146.1,HM761014.1,HM760776.1,HM760613.1,HM760261.1,HM759901.1,HM760085.1,HM759377.1,HM759106.1,HM758655.1,HM757725.1,HM756841.1
Ateles belzebuth,HM765181.1,HM764819.1,HM764894.1,HM764650.1,HM764388.1,HM764323.1,HM764323.1,HM763998.1,HM763850.1,HM763511.1,HM763267.1,AF216225.1,-,HM762855.1,HM762775.1,HM762502.1,HM762433.1,HM762203.1,HM762098.1,HM761931.1,HM761501.1,HM761200.1,HM761148.1,HM761016.1,HM760778.1,HM760601.1,HM760247.1,HM759890.1,HM760074.1,HM759363.1,HM759107.1,HM758644.1,HM757726.1,HM756842.1
Ateles fusciceps,HM765183.1,HM764820.1,HM764898.1,AY011351.1,HM764391.1,HM764325.1,HM764325.1,HM764000.1,AY011477.1,HM763509.1,HM763269.1,JN681594.1,-,HM762853.1,HM762772.1,HM762506.1,AY011721.1,HM762193.1,HM762100.1,EU142178.1,HM761502.1,HM761201.1,HM761149.1,HM761017.1,HM760780.1,-,HM760251.1,HM759891.1,HM760075.1,HM759367.1,AY065915.1,HM758645.1,HM757728.1,HM756844.1
Ateles geoffroyi,HM765184.1,HM764821.1,HM764899.1,HM764652.1,HM764392.1,HM764326.1,HM764326.1,HM764001.1,HM763849.1,HM763510.1,HM763270.1,AF216231.1,-,HM762854.1,HM762774.1,HM762507.1,HM762436.1,HM762262.1,HM762101.1,HM761933.1,HM761503.1,HM761202.1,HM761150.1,HM761018.1,HM760781.1,HM760605.1,HM760252.1,HM759892.1,HM760076.1,HM759368.1,AY065917.1,HM758646.1,HM757729.1,HM756845.1
Ateles paniscus,HM765186.1,HM764823.1,HM764905.1,HM764654.1,HM764398.1,-,-,HM764003.1,HM763851.1,HM763512.1,HM763272.1,AF216247.1,AF172234.1,-,HM762776.1,HM762513.1,HM762438.1,-,HM762103.1,HM761934.1,HM761509.1,HM761204.1,HM761151.1,HM761020.1,HM760783.1,HM760610.1,HM760258.1,HM759898.1,HM760082.1,HM759374.1,HM759112.1,HM758652.1,-,HM756847.1
Avahi laniger,HM765221.1,HM764861.1,HM764902.1,HM764685.1,HM764395.1,HM764362.1,HM764362.1,HM764040.1,HM763874.1,HM763513.1,-,AY584482.1,-,HM762857.1,HM762817.1,HM762510.1,HM762472.1,HM762253.1,HM762142.1,HM761967.1,HM761506.1,HM761205.1,HM761171.1,HM761044.1,HM760784.1,HM760607.1,HM760255.1,HM759895.1,HM760079.1,HM759371.1,-,HM758649.1,-,HM756883.1
Cacajao calvus,HM765187.1,HM764824.1,HM764926.1,HM764655.1,HM764414.1,HM764328.1,HM764328.1,HM764004.1,HM763852.1,HM763514.1,HM763273.1,-,-,HM762875.1,HM762777.1,HM762530.1,HM762439.1,HM762297.1,HM762104.1,-,HM761527.1,HM761208.1,HM761152.1,HM761021.1,HM760785.1,-,HM760278.1,HM759918.1,HM760102.1,HM759394.1,HM759113.1,HM758678.1,HM757731.1,HM756848.1
Callicebus caligatus,HM765208.1,HM764847.1,HM764925.1,HM764672.1,HM764413.1,-,-,HM764027.1,HM763866.1,HM763515.1,HM763294.1,-,-,HM762874.1,HM762801.1,HM762529.1,-,HM762201.1,HM762127.1,HM761956.1,HM761526.1,HM761209.1,HM761164.1,HM761036.1,HM760787.1,HM760630.1,HM760277.1,KU694869.1,HM760101.1,HM759393.1,HM759133.1,KU694993.1,-,HM756868.1
Callicebus cupreus,HM765210.1,HM764848.1,HM764929.1,KU694415.1,HM764416.1,HM764350.1,HM764350.1,HM764028.1,HM763867.1,-,HM763296.1,-,-,HM762877.1,HM762803.1,HM762533.1,-,HM762289.1,HM762129.1,HM761957.1,HM761530.1,HM761210.1,HM761165.1,HM761037.1,HM760788.1,KU694749.1,HM760281.1,HM759921.1,HM760105.1,HM759396.1,KU694921.1,HM758682.1,HM757751.1,HM756869.1
Callicebus donacophilus,HM765211.1,HM764849.1,HM764932.1,HM764675.1,HM764419.1,HM764351.1,HM764351.1,HM764029.1,HM763868.1,HM763516.1,HM763297.1,JN161056.1,-,HM762880.1,HM762804.1,HM762536.1,-,HM762211.1,HM762130.1,HM761958.1,HM761533.1,HM761211.1,HM761166.1,HM761038.1,HM760789.1,HM760634.1,HM760284.1,HM759924.1,HM760108.1,HM759399.1,HM759135.1,HM758685.1,HM757752.1,HM756870.1
Callimico goeldii,HM765160.1,HM764800.1,HM764934.1,HM764632.1,HM764421.1,HM764302.1,HM764302.1,HM763981.1,AY011480.1,-,HM763245.1,U36847.1,AF172236.1,HM762882.1,HM762752.1,HM762538.1,AY011724.1,-,HM762079.1,HM761912.1,HM761535.1,HM761212.1,HM761135.1,HM761000.1,HM760790.1,HM760636.1,HM760286.1,HM759926.1,HM760110.1,HM759401.1,HM759087.1,HM758688.1,HM757707.1,HM756825.1
Callithrix geoffroyi,HM765163.1,HM764803.1,HM764933.1,HM764634.1,HM764420.1,HM764305.1,HM764305.1,HM763984.1,HM763835.1,HM763518.1,HM763248.1,AY118192.1,-,HM762881.1,HM762756.1,HM762537.1,HM762416.1,HM762290.1,HM762081.1,HM761914.1,HM761534.1,HM761214.1,HM761137.1,HM761002.1,-,HM760635.1,HM760285.1,HM759925.1,HM760109.1,HM759400.1,HM759089.1,HM758687.1,HM757709.1,HM756827.1
Callithrix jacchus,NM_001302791.1,HM764804.1,HM764939.1,HM764635.1,HM764425.1,HM764306.1,HM764306.1,HM763985.1,HM763836.1,-,HM763249.1,AY321457.1,AF172235.1,HM762886.1,HM762757.1,HM762543.1,HM762417.1,-,HM762082.1,HM761915.1,HM761540.1,HM761215.1,HM761138.1,HM761003.1,HM760793.1,HM760641.1,HM760291.1,HM759931.1,-,HM759406.1,HM759090.1,HM758694.1,HM757710.1,HM756828.1
Callithrix penicillata,HM765166.1,HM764806.1,HM764949.1,HM764637.1,HM764430.1,HM764308.1,HM764308.1,HM763986.1,HM763837.1,HM763519.1,HM763252.1,AY118195.1,-,HM762892.1,HM762759.1,HM762552.1,HM762419.1,HM762246.1,HM762084.1,HM761916.1,HM761549.1,HM761216.1,-,HM761004.1,HM760794.1,HM760649.1,HM760300.1,HM759940.1,HM760124.1,HM759416.1,HM759092.1,HM758708.1,HM757712.1,HM756830.1
Cebuella pygmaea,HM765167.1,-,HM764952.1,HM764638.1,HM764433.1,HM764309.1,HM764309.1,HM763987.1,HM763838.1,HM763520.1,HM763253.1,AY118176.1,-,HM762895.1,HM762760.1,HM762555.1,HM762420.1,HM762328.1,HM762085.1,HM761917.1,HM761552.1,HM761217.1,-,HM761005.1,HM760795.1,HM760651.1,HM760303.1,HM759943.1,HM760127.1,HM759419.1,HM759093.1,HM758711.1,HM757713.1,HM756831.1
Cebus albifrons,-,HM764826.1,HM765069.1,KU694385.1,-,-,-,HM764006.1,JN633376.1,-,JN633189.1,-,-,-,HM762779.1,HM762675.1,HM762441.1,KU694550.1,KU694591.1,HM761936.1,KU694676.1,-,-,-,-,HM760760.1,HM760422.1,HM760060.1,HM760240.1,HM759536.1,HM759115.1,HM758686.1,HM757733.1,HM756913.1
Cebus capucinus,HM765191.1,HM764828.1,HM764928.1,HM764659.1,HM764415.1,HM764331.1,HM764331.1,HM764008.1,HM763853.1,HM763522.1,HM763276.1,JF735139.1,-,HM762876.1,HM762781.1,HM762532.1,HM762443.1,HM762288.1,HM762108.1,HM761938.1,HM761529.1,HM761219.1,HM761154.1,HM761022.1,-,HM760632.1,HM760280.1,HM759920.1,HM760104.1,-,-,HM758681.1,HM757735.1,HM756850.1
Cercocebus chrysogaster,HM765082.1,HM764720.1,HM764914.1,HM764555.1,HM764404.1,HM764224.1,HM764224.1,HM763903.1,HM763766.1,HM763525.1,HM763166.1,-,-,HM762878.1,HM762689.1,HM762521.1,HM762336.1,HM762236.1,HM762002.1,HM761836.1,HM761517.1,HM761222.1,HM761072.1,HM760925.1,HM760797.1,HM760619.1,HM760282.1,HM759922.1,HM760106.1,HM759383.1,HM759013.1,HM758683.1,HM757631.1,HM756747.1
Cercocebus torquatus,-,HM764722.1,HM764955.1,HM764557.1,HM764435.1,HM764226.1,HM764226.1,HM763904.1,HM763768.1,HM763527.1,HM763168.1,AY686135.1,-,HM762897.1,HM762690.1,HM762557.1,HM762338.1,HM762220.1,HM762004.1,HM761837.1,HM761555.1,HM761224.1,HM761074.1,HM760927.1,HM760799.1,HM760653.1,HM760305.1,HM759946.1,HM760130.1,HM759422.1,HM759015.1,HM758715.1,HM757633.1,HM756749.1
Cercopithecus albogularis,HM765084.1,HM764723.1,HM764913.1,HM764558.1,HM764403.1,HM764227.1,HM764227.1,HM763905.1,HM763769.1,HM763528.1,HM763169.1,-,-,HM762864.1,HM762691.1,HM762520.1,HM762339.1,HM762227.1,HM762005.1,HM761838.1,-,HM761225.1,HM761075.1,HM760928.1,HM760800.1,HM760618.1,HM760266.1,HM759906.1,HM760090.1,HM759382.1,HM759016.1,HM758665.1,HM757634.1,HM756750.1
Cercopithecus ascanius,HM765085.1,HM764724.1,HM764922.1,HM764559.1,HM764410.1,HM764228.1,HM764228.1,HM763906.1,HM763770.1,HM763529.1,HM763170.1,-,-,HM762871.1,HM762692.1,HM762526.1,HM762340.1,HM762228.1,HM762006.1,HM761839.1,HM761523.1,HM761226.1,-,HM760929.1,HM760801.1,HM760627.1,HM760275.1,HM759915.1,HM760099.1,HM759391.1,HM759017.1,HM758675.1,HM757635.1,HM756751.1
Cercopithecus cephus,HM765086.1,HM764725.1,HM764924.1,HM764560.1,HM764412.1,HM764229.1,HM764229.1,HM763907.1,HM763771.1,HM763530.1,HM763171.1,AY686143.1,MG267415.1,HM762873.1,HM762693.1,HM762528.1,HM762341.1,HM762212.1,HM762007.1,HM761840.1,HM761525.1,HM761227.1,HM761076.1,HM760930.1,HM760802.1,HM760629.1,HM760276.1,HM759916.1,HM760100.1,HM759392.1,HM759018.1,HM758676.1,HM757636.1,HM756752.1
Cercopithecus diana,HM765087.1,HM764726.1,HM764931.1,HM764561.1,HM764418.1,HM764230.1,HM764230.1,HM763908.1,HM763772.1,HM763531.1,HM763172.1,-,-,HM762879.1,HM762694.1,HM762535.1,HM762342.1,HM762313.1,HM762008.1,HM761841.1,HM761532.1,HM761228.1,-,HM760931.1,HM760803.1,-,HM760283.1,HM759923.1,HM760107.1,HM759398.1,HM759019.1,HM758684.1,HM757637.1,HM756753.1
Cercopithecus mona,HM765091.1,HM764730.1,HM765070.1,HM764564.1,HM764544.1,HM764234.1,HM764234.1,-,HM763776.1,-,HM763176.1,AY686146.1,-,-,HM762698.1,HM762676.1,-,HM762291.1,HM762012.1,HM761845.1,HM761666.1,HM761232.1,HM761079.1,-,HM760807.1,HM760761.1,HM760423.1,HM760061.1,-,HM759537.1,-,HM758703.1,HM757641.1,HM756757.1
Cercopithecus neglectus,-,HM764731.1,HM764946.1,HM764565.1,-,HM764235.1,HM764235.1,HM763912.1,HM763777.1,-,-,AY686145.1,-,HM762890.1,HM762700.1,HM762549.1,HM762346.1,HM762314.1,-,HM761846.1,-,-,-,HM760934.1,HM760808.1,HM760646.1,-,-,HM760121.1,HM759413.1,HM759023.1,-,HM757642.1,-
Cercopithecus petaurista,HM765092.1,HM764732.1,HM764951.1,HM764566.1,HM764432.1,HM764236.1,HM764236.1,HM763913.1,FJ648365.1,HM763535.1,HM763177.1,-,-,HM762894.1,HM762701.1,HM762554.1,HM762347.1,HM762217.1,HM762013.1,HM761847.1,HM761551.1,HM761233.1,HM761080.1,HM760935.1,HM760809.1,HM760650.1,HM760302.1,HM759942.1,HM760126.1,HM759418.1,HM759020.1,HM758710.1,HM757643.1,HM756758.1
Cercopithecus wolfi,HM765093.1,HM764733.1,HM764958.1,HM764567.1,HM764438.1,HM764237.1,HM764237.1,HM763914.1,HM763779.1,HM763536.1,HM763178.1,-,-,HM762900.1,HM762699.1,HM762560.1,HM762348.1,HM762257.1,HM762014.1,HM761848.1,HM761557.1,HM761234.1,-,HM760936.1,HM760810.1,HM760654.1,HM760308.1,HM759949.1,HM760133.1,HM759425.1,HM759024.1,HM758718.1,HM757644.1,HM756759.1
Cheirogaleus medius,HM765218.1,HM764857.1,HM764942.1,HM764681.1,HM764426.1,HM764359.1,HM764359.1,HM764036.1,HM763870.1,HM763537.1,HM763303.1,-,-,HM762887.1,HM762813.1,HM762545.1,HM762468.1,-,HM762138.1,HM761964.1,HM761543.1,HM761235.1,HM761169.1,HM761041.1,HM760811.1,HM760644.1,HM760294.1,HM759934.1,HM760117.1,HM759409.1,HM759144.1,HM758699.1,-,HM756879.1
Chiropotes chiropotes,HM765195.1,HM764833.1,HM765071.1,-,-,HM764336.1,HM764336.1,HM764013.1,HM763856.1,HM763539.1,HM763281.1,-,-,HM763006.1,HM762786.1,HM762677.1,HM762448.1,-,HM762113.1,HM761943.1,-,HM761237.1,HM761155.1,HM761025.1,HM760814.1,HM760762.1,HM760424.1,HM760062.1,HM760241.1,HM759538.1,HM759121.1,HM758713.1,HM757740.1,HM756854.1
Chlorocebus aethiops,HM765094.1,HM764734.1,HM764915.1,HM764569.1,HM764405.1,HM764238.1,HM764238.1,HM763915.1,HM763781.1,HM763541.1,HM763179.1,AY686139.1,AF019378.1,HM762867.1,HM762702.1,HM762522.1,HM762349.1,HM762226.1,HM762015.1,HM761849.1,HM761518.1,HM761239.1,HM761081.1,HM760937.1,HM760815.1,HM760620.1,HM760269.1,HM759909.1,HM760092.1,HM759384.1,HM759025.1,HM758668.1,HM757645.1,HM756760.1
Colobus angolensis,HM765097.1,HM764737.1,HM764919.1,-,HM764407.1,HM764241.1,HM764241.1,HM763918.1,HM763783.1,-,HM763182.1,-,-,HM762868.1,HM762705.1,HM762523.1,HM762352.1,HM762238.1,HM762018.1,HM761852.1,HM761521.1,HM761241.1,-,HM760940.1,HM760818.1,HM760624.1,HM760272.1,HM759912.1,HM760096.1,HM759388.1,HM759028.1,HM758672.1,HM757648.1,HM756763.1
Colobus polykomos,HM765099.1,HM764739.1,HM764950.1,HM764572.1,HM764431.1,HM764242.1,HM764242.1,HM763920.1,HM763784.1,HM763544.1,HM763184.1,-,AF172215.1,HM762893.1,HM762707.1,HM762553.1,HM762354.1,HM762319.1,HM762020.1,HM761854.1,HM761550.1,HM761243.1,-,HM760942.1,HM760819.1,-,HM760301.1,HM759941.1,HM760125.1,HM759417.1,HM759030.1,HM758709.1,HM757650.1,HM756765.1
Daubentonia madagascariensis,-,HM764856.1,HM764960.1,JN633550.1,HM764440.1,EU057284.1,EU057284.1,-,JQ073051.1,HM763546.1,HM763302.1,L22776.1,-,HM762902.1,HM762812.1,HM762562.1,HM762467.1,-,-,HM761963.1,HM761559.1,-,-,-,EU057197.1,HM760655.1,HM760310.1,HM759951.1,-,HM759427.1,JQ073174.1,HM758720.1,EU342331.1,HM756878.1
Eulemur coronatus,-,HM764867.1,HM765072.1,HM764691.1,HM764545.1,EU057285.1,EU057285.1,-,HM763879.1,EU057256.1,-,-,-,HM763007.1,HM762823.1,HM762678.1,-,-,HM762148.1,-,HM761668.1,HM761247.1,-,-,EU057198.1,HM760763.1,HM760425.1,HM760063.1,HM760242.1,HM759539.1,EU342307.1,HM758721.1,EU342332.1,HM756888.1
Eulemur fulvus,-,HM764868.1,HM764961.1,HM764692.1,HM764441.1,EU057286.1,EU057286.1,-,HM763880.1,EU057257.1,HM763311.1,AF081041.1,-,HM763008.1,HM762825.1,HM762563.1,HM762478.1,-,HM762149.1,HM761973.1,HM761560.1,-,-,-,EU057202.1,HM760656.1,HM760312.1,HM759952.1,HM760243.1,HM759428.1,EU342312.1,HM758722.1,EU342333.1,HM756889.1
Eulemur macaco,HM765230.1,HM764869.1,HM764963.1,HM764694.1,HM764443.1,HM764368.1,HM764368.1,-,HM763881.1,HM763548.1,HM763312.1,AF081044.1,AF172242.1,HM762905.1,HM762826.1,HM762565.1,HM762479.1,HM762197.1,HM762151.1,HM761975.1,HM761671.1,HM761248.1,HM761176.1,HM761050.1,HM760823.1,HM760658.1,HM760428.1,HM759953.1,HM760135.1,HM759430.1,HM759153.1,HM758723.1,-,HM756891.1
Eulemur mongoz,HM765232.1,HM764870.1,HM764964.1,HM764696.1,HM764444.1,EU057293.1,EU057293.1,HM764046.1,HM763882.1,HM763550.1,HM763314.1,AF081045.1,-,HM762906.1,HM762828.1,HM762566.1,HM762481.1,HM762282.1,HM762153.1,HM761977.1,HM761563.1,HM761250.1,HM761177.1,HM761051.1,HM760825.1,HM760659.1,HM760314.1,HM759954.1,HM760136.1,HM759431.1,EU342315.1,HM758724.1,EU342334.1,HM756892.1
Eulemur rufus,HM765234.1,HM764871.1,HM764966.1,HM764697.1,HM764446.1,-,-,HM764047.1,HM763883.1,HM763551.1,HM763315.1,-,-,HM762908.1,HM762829.1,HM762568.1,HM762482.1,HM762279.1,HM762154.1,HM761978.1,HM761565.1,HM761251.1,HM761178.1,HM761052.1,HM760826.1,HM760661.1,HM760316.1,HM759956.1,HM760138.1,HM759433.1,HM759155.1,HM758726.1,-,HM756893.1
Galago moholi,KJ419050.1,HM764883.1,KJ419055.1,HM764708.1,KJ419078.1,HM764379.1,HM764379.1,HM764059.1,HM763891.1,HM763553.1,HM763325.1,-,-,KJ419108.1,HM762840.1,HM762571.1,HM762492.1,KJ419134.1,HM762166.1,HM761989.1,HM761568.1,KJ419171.1,-,-,KJ419200.1,HM760664.1,HM760319.1,KJ419210.1,-,HM759435.1,HM759165.1,KJ419237.1,-,HM756904.1
Galago senegalensis,HM765246.1,HM764884.1,HM764970.1,HM764709.1,HM764450.1,HM764380.1,HM764380.1,HM764060.1,HM763892.1,HM763554.1,HM763326.1,-,-,HM762912.1,HM762841.1,HM762572.1,HM762493.1,HM762255.1,HM762167.1,HM761990.1,HM761569.1,HM761253.1,HM761185.1,HM761063.1,HM760829.1,HM760665.1,HM760320.1,HM759960.1,HM760141.1,HM759436.1,HM759166.1,HM758729.1,-,HM756905.1
Gorilla gorilla,HM765150.1,HM764791.1,HM764967.1,HM764624.1,HM764447.1,HM764292.1,HM764292.1,HM763971.1,HM763827.1,HM763555.1,HM763235.1,EU835002.1,AF172232.1,HM762909.1,HM762742.1,HM762569.1,HM762403.1,-,HM762071.1,HM761904.1,HM761566.1,HM761254.1,HM761127.1,HM760992.1,HM760831.1,HM760662.1,HM760317.1,HM759957.1,HM760139.1,-,HM759077.1,HM758727.1,HM757698.1,HM756817.1
Hapalemur griseus,HM765235.1,HM764872.1,HM764972.1,HM764698.1,HM764454.1,HM764369.1,HM764369.1,HM764048.1,HM763884.1,HM763556.1,HM763316.1,L22778.1,-,HM762916.1,HM762830.1,HM762576.1,HM762483.1,HM762278.1,HM762155.1,HM761979.1,HM761573.1,HM761255.1,-,HM761053.1,HM760832.1,HM760668.1,HM760324.1,HM759964.1,-,HM759440.1,HM759156.1,HM758732.1,HM757760.1,HM756894.1
Homo sapiens,NM_000677.3,HM764782.1,HM764976.1,BC004369.1,HM764458.1,HM764284.1,HM764284.1,DQ038196.1,HM763820.1,M96936.1,AY415602.1,AF035429.1,NM_001348060.2,HM762920.1,HM762733.1,HM762580.1,AY400281.1,HM762263.1,HM762062.1,HM761896.1,HM761577.1,HM761257.1,HM761123.1,HM760985.1,HM760834.1,HM760672.1,HM760328.1,HM759968.1,HM760148.1,HM759444.1,HM759069.1,AJ417059.1,HM757691.1,HM756808.1
Hylobates agilis,HM765142.1,HM764783.1,-,HM764616.1,HM764452.1,HM764285.1,HM764285.1,HM763964.1,FJ648366.1,HM763558.1,HM763228.1,-,-,HM762914.1,HM762734.1,HM762574.1,HM762396.1,HM762326.1,HM762063.1,HM761897.1,HM761571.1,HM761259.1,HM761124.1,HM760986.1,-,HM760667.1,HM760322.1,HM759962.1,HM760142.1,HM759438.1,HM759070.1,HM758730.1,HM757692.1,HM756809.1
Lagothrix lagotricha,HM765159.1,HM764799.1,HM764984.1,HM764631.1,HM764466.1,HM764301.1,HM764301.1,HM763980.1,HM763833.1,HM763563.1,HM763244.1,HM057576.1,-,-,HM762751.1,HM762589.1,HM762412.1,HM762202.1,HM762078.1,HM761911.1,HM761586.1,HM761266.1,HM761134.1,HM760999.1,HM760839.1,HM760681.1,HM760337.1,HM759977.1,HM760157.1,HM759453.1,HM759086.1,HM758745.1,HM757706.1,HM756824.1
Lemur catta,HM765237.1,HM764874.1,HM764981.1,AY011349.1,HM764464.1,HM764371.1,HM764371.1,HM764050.1,AY011476.1,HM763564.1,HM763318.1,-,-,HM762925.1,HM762832.1,HM762586.1,AY011720.1,HM762277.1,HM762157.1,HM761981.1,HM761583.1,HM761267.1,HM761180.1,HM761055.1,HM760840.1,HM760678.1,HM760334.1,HM759974.1,HM760154.1,HM759450.1,HM759158.1,HM758742.1,HM757762.1,HM756896.1
Leontopithecus rosalia,HM765169.1,HM764808.1,HM764985.1,HM764640.1,-,HM764311.1,HM764311.1,HM763989.1,HM763840.1,HM763566.1,HM763255.1,-,-,HM762927.1,HM762761.1,HM762590.1,HM762421.1,-,HM762087.1,HM761919.1,-,HM761269.1,HM761139.1,HM761007.1,HM760842.1,HM760682.1,HM760338.1,HM759978.1,HM760158.1,HM759454.1,HM759095.1,HM758746.1,-,HM756833.1
Lepilemur ankaranensis,HM765239.1,HM764876.1,-,HM764702.1,HM764461.1,HM764372.1,HM764372.1,HM764052.1,HM763886.1,-,HM763320.1,-,-,HM762922.1,HM762834.1,HM762583.1,-,HM762271.1,HM762159.1,HM761982.1,HM761580.1,HM761270.1,HM761181.1,HM761056.1,HM760843.1,HM760675.1,HM760331.1,HM759971.1,HM760151.1,HM759447.1,HM759159.1,HM758739.1,-,HM756897.1
Lepilemur dorsalis,HM765240.1,HM764877.1,HM764982.1,HM764703.1,HM764465.1,HM764373.1,HM764373.1,HM764053.1,HM763887.1,HM763567.1,HM763321.1,-,-,HM762926.1,HM762835.1,HM762587.1,HM762486.1,HM762296.1,HM762160.1,HM761983.1,HM761584.1,HM761271.1,HM761182.1,HM761057.1,HM760844.1,HM760679.1,HM760335.1,HM759975.1,HM760155.1,HM759451.1,HM759160.1,HM758743.1,-,HM756898.1
Lepilemur edwardsi,-,-,-,-,-,-,-,-,JQ073052.1,-,-,-,-,-,-,-,-,-,-,-,-,-,-,-,-,-,-,-,-,-,JQ073175.1,-,-,-
Lepilemur jamesorum,HM765241.1,HM764878.1,HM764983.1,HM764704.1,-,HM764374.1,HM764374.1,HM764054.1,HM763888.1,HM763568.1,HM763322.1,-,-,-,HM762836.1,HM762588.1,HM762487.1,HM762254.1,HM762161.1,HM761984.1,HM761585.1,HM761272.1,HM761183.1,HM761058.1,HM760845.1,HM760680.1,HM760336.1,HM759976.1,HM760156.1,HM759452.1,HM759161.1,HM758744.1,-,HM756899.1
Lophocebus aterrimus,HM765101.1,HM764742.1,HM764977.1,HM764575.1,HM764459.1,HM764244.1,HM764244.1,HM763922.1,HM763786.1,HM763571.1,HM763186.1,FJ713415.1,-,HM762923.1,HM762710.1,HM762581.1,HM762356.1,HM762216.1,HM762022.1,HM761856.1,HM761578.1,HM761275.1,HM761086.1,HM760944.1,HM760847.1,HM760673.1,HM760332.1,HM759972.1,HM760152.1,HM759445.1,HM759032.1,HM758740.1,HM757652.1,HM756768.1
Loris tardigradus,HM765248.1,HM764886.1,HM764987.1,HM764711.1,-,HM764381.1,HM764381.1,HM764061.1,HM763893.1,HM763572.1,HM763327.1,AY321458.1,-,HM762929.1,HM762843.1,HM762592.1,HM762494.1,HM762194.1,HM762169.1,HM761992.1,HM761588.1,HM761276.1,HM761186.1,HM761065.1,HM760848.1,HM760684.1,HM760340.1,HM759980.1,HM760160.1,HM759456.1,HM759167.1,HM758748.1,-,HM756906.1
Macaca fascicularis,HM765105.1,HM764745.1,HM764992.1,AB125150.1,HM764471.1,HM764248.1,HM764248.1,HM763926.1,HM763789.1,-,HM763190.1,-,NM_001319396.1,HM762934.1,HM762713.1,HM762597.1,HM762360.1,HM762275.1,HM762026.1,HM761860.1,HM761593.1,HM761279.1,HM761089.1,HM760948.1,HM760851.1,HM760689.1,HM760345.1,HM759985.1,HM760165.1,HM759461.1,-,HM758753.1,FJ846592.1,HM756771.1
Macaca fuscata,HM765106.1,HM764746.1,HM764993.1,HM764579.1,HM764472.1,HM764249.1,HM764249.1,HM763927.1,HM763790.1,HM763574.1,HM763191.1,AY686163.1,-,HM762935.1,HM762714.1,HM762598.1,HM762361.1,-,HM762027.1,HM761861.1,HM761594.1,HM761280.1,HM761090.1,HM760949.1,HM760852.1,HM760690.1,HM760346.1,HM759986.1,-,HM759462.1,HM759035.1,HM758754.1,HM757657.1,HM756772.1
Macaca maura,HM765107.1,HM764747.1,HM764989.1,HM764580.1,HM764469.1,HM764250.1,HM764250.1,HM763928.1,HM763791.1,HM763575.1,HM763192.1,-,-,HM762931.1,HM762715.1,HM762594.1,HM762362.1,HM762241.1,HM762028.1,HM761862.1,-,HM761281.1,HM761091.1,HM760950.1,HM760853.1,HM760686.1,HM760342.1,HM759982.1,HM760162.1,HM759458.1,HM759036.1,HM758750.1,HM757658.1,HM756773.1
Macaca mulatta,NM_001302782.1,HM764748.1,HM764996.1,HM764581.1,HM764474.1,HM764251.1,HM764251.1,HM763929.1,HM763792.1,HM763576.1,HM763193.1,M74005.1,AF001928.1,HM762937.1,HM762716.1,HM762600.1,AY011722.1,HM762276.1,HM762029.1,HM761863.1,HM761597.1,HM761282.1,HM761092.1,HM760951.1,HM760854.1,HM760693.1,HM760349.1,HM759989.1,HM760168.1,HM759465.1,HM759037.1,HM758758.1,FJ846609.1,HM756774.1
Macaca sylvanus,HM765114.1,HM764754.1,HM765005.1,HM764587.1,HM764483.1,HM764257.1,HM764257.1,HM763935.1,HM763794.1,HM763582.1,HM763199.1,-,-,HM762945.1,HM762722.1,HM762609.1,HM762367.1,HM762214.1,HM762034.1,HM761869.1,HM761606.1,HM761288.1,HM761098.1,HM760957.1,HM760859.1,HM760700.1,HM760357.1,HM759998.1,HM760177.1,HM759474.1,HM759043.1,HM758766.1,HM757664.1,HM756780.1
Macaca tonkeana,HM765116.1,HM764756.1,HM765007.1,HM764589.1,HM764485.1,HM764259.1,HM764259.1,HM763937.1,HM763796.1,HM763584.1,HM763201.1,-,-,HM762947.1,HM762724.1,HM762611.1,HM762369.1,-,HM762036.1,HM761871.1,HM761608.1,HM761290.1,HM761099.1,HM760959.1,HM760861.1,HM760701.1,HM760359.1,HM760000.1,HM760179.1,HM759476.1,HM759044.1,HM758768.1,HM757666.1,HM756782.1
Mandrillus leucophaeus,HM765117.1,HM764757.1,HM764995.1,HM764590.1,HM764473.1,HM764260.1,HM764260.1,HM763938.1,HM763797.1,HM763585.1,HM763202.1,M74006.1,AF172222.1,HM762936.1,HM762725.1,HM762599.1,HM762370.1,HM762295.1,HM762037.1,HM761872.1,HM761596.1,HM761291.1,HM761100.1,HM760960.1,HM760862.1,HM760692.1,HM760348.1,HM759988.1,HM760167.1,HM759464.1,HM759045.1,HM758757.1,HM757667.1,HM756783.1
Mandrillus sphinx,HM765118.1,HM764758.1,HM765004.1,HM764591.1,HM764482.1,HM764261.1,HM764261.1,HM763939.1,HM763798.1,HM763586.1,HM763203.1,AY686129.1,AF172221.1,HM762944.1,HM762726.1,HM762608.1,HM762371.1,HM762252.1,HM762038.1,HM761873.1,HM761605.1,HM761292.1,HM761101.1,HM760961.1,HM760863.1,HM760699.1,HM760356.1,HM759997.1,HM760176.1,HM759473.1,HM759046.1,HM758765.1,HM757668.1,HM756784.1
Mico argentatus,HM765161.1,HM764801.1,HM764921.1,HM764633.1,HM764409.1,HM764303.1,HM764303.1,HM763982.1,HM763834.1,HM763517.1,HM763246.1,AY118182.1,-,HM762870.1,HM762754.1,HM762525.1,HM762414.1,-,HM762080.1,HM761913.1,HM761522.1,HM761213.1,HM761136.1,HM761001.1,HM760791.1,HM760626.1,HM760274.1,HM759914.1,HM760098.1,HM759390.1,HM759088.1,HM758674.1,HM757708.1,HM756826.1
Microcebus murinus,-,HM764860.1,HM764944.1,HM764684.1,HM764475.1,HM764361.1,HM764361.1,HM764037.1,HM763873.1,HM763538.1,HM763304.1,GU327013.1,-,HM762888.1,HM762814.1,HM762547.1,HM762469.1,HM762303.1,HM762139.1,HM761965.1,HM761545.1,HM761295.1,-,HM761042.1,HM760812.1,HM760694.1,HM760296.1,HM759936.1,HM760169.1,HM759411.1,HM759145.1,HM758702.1,-,HM756882.1
Miopithecus ogouensis,HM765119.1,HM764759.1,HM765001.1,HM764592.1,HM764479.1,HM764262.1,HM764262.1,HM763940.1,HM763799.1,-,HM763204.1,-,-,HM762942.1,HM762727.1,HM762605.1,HM762372.1,HM762215.1,HM762039.1,HM761874.1,HM761602.1,HM761296.1,HM761102.1,HM760962.1,HM760866.1,HM760698.1,HM760353.1,HM759994.1,HM760173.1,HM759470.1,HM759047.1,HM758762.1,HM757669.1,HM756785.1
Mirza coquereli,-,HM764859.1,HM764990.1,HM764683.1,HM764470.1,HM764360.1,HM764360.1,HM764038.1,HM763872.1,HM763587.1,HM763305.1,AY321460.1,-,HM762932.1,HM762815.1,HM762595.1,HM762470.1,HM762224.1,HM762140.1,HM761966.1,HM761591.1,HM761294.1,HM761170.1,HM761043.1,HM760864.1,HM760687.1,HM760343.1,HM759983.1,HM760163.1,HM759459.1,HM759146.1,HM758751.1,-,HM756881.1
Nasalis larvatus,HM765120.1,HM764760.1,HM765012.1,HM764593.1,HM764490.1,HM764263.1,HM764263.1,HM763941.1,HM763800.1,HM763589.1,HM763205.1,-,AF172214.1,HM762952.1,-,HM762616.1,HM762373.1,HM762243.1,HM762040.1,HM761875.1,HM761613.1,HM761297.1,HM761103.1,HM760963.1,HM760867.1,HM760705.1,HM760364.1,HM760005.1,HM760184.1,HM759480.1,HM759048.1,HM758773.1,HM757670.1,HM756786.1
Nomascus concolor,HM765146.1,HM764787.1,HM765009.1,HM764620.1,HM764487.1,HM764288.1,HM764288.1,-,AY011479.1,HM763590.1,AY011599.1,-,AF172227.1,HM762949.1,HM762738.1,HM762613.1,AY011723.1,HM762260.1,HM762067.1,HM761900.1,HM761610.1,HM761299.1,-,-,HM760868.1,-,HM760361.1,HM760002.1,HM760181.1,-,AY011901.1,HM758770.1,-,HM756813.1
Nomascus siki,HM765148.1,HM764789.1,HM765014.1,HM764622.1,HM764492.1,HM764290.1,HM764290.1,HM763969.1,HM763825.1,HM763592.1,HM763233.1,-,-,HM762954.1,HM762740.1,HM762618.1,HM762401.1,HM762266.1,HM762069.1,HM761902.1,HM761615.1,HM761301.1,-,-,HM760870.1,HM760707.1,HM760366.1,HM760007.1,HM760186.1,HM759482.1,HM759075.1,HM758775.1,HM757696.1,HM756815.1
Nycticebus coucang,HM765250.1,HM764888.1,HM765010.1,JN633552.1,HM764488.1,HM764383.1,HM764383.1,HM764063.1,JN633379.1,HM763594.1,HM763329.1,-,AF172239.1,HM762950.1,HM762845.1,HM762614.1,HM762496.1,HM762299.1,-,HM761994.1,-,HM761303.1,-,HM761066.1,HM760872.1,HM760703.1,HM760362.1,HM760003.1,HM760182.1,HM759478.1,HM759169.1,HM758771.1,-,HM756908.1
Nycticebus pygmaeus,HM765251.1,HM764889.1,HM765013.1,HM764713.1,HM764491.1,HM764384.1,HM764384.1,HM764064.1,HM763895.1,HM763595.1,HM763330.1,-,AF172241.1,HM762953.1,HM762846.1,HM762617.1,HM762497.1,HM762195.1,HM762171.1,HM761995.1,HM761614.1,HM761304.1,HM761188.1,HM761067.1,HM760873.1,HM760706.1,HM760365.1,HM760006.1,HM760185.1,HM759481.1,HM759170.1,HM758774.1,-,HM756909.1
Pan paniscus,HM765151.1,HM764792.1,HM765027.1,HM764625.1,HM764505.1,HM764293.1,HM764293.1,HM763972.1,HM763828.1,HM763597.1,HM763236.1,U12696.1,-,HM762966.1,HM762743.1,HM762632.1,HM762404.1,-,HM762072.1,HM761905.1,HM761625.1,HM761305.1,HM761128.1,HM760993.1,HM760874.1,HM760720.1,HM760380.1,HM760021.1,HM760200.1,HM759496.1,HM759078.1,HM758790.1,HM757699.1,HM756818.1
Pan troglodytes,NM_001302775.2,HM764793.1,HM765033.1,NM_001013018.1,HM764511.1,HM764294.1,HM764294.1,DQ038197.1,AY412978.1,HM763598.1,HM763237.1,M58009.1,NM_001009047.1,HM762972.1,HM762744.1,HM762639.1,AY400282.1,HM762264.1,HM762073.1,HM761907.1,HM761631.1,HM761306.1,HM761130.1,HM760994.1,HM760876.1,HM760726.1,HM760386.1,HM760028.1,HM760207.1,HM759501.1,AY413839.1,HM758797.1,HM757701.1,HM756819.1
Papio anubis,HM765121.1,HM764761.1,HM765016.1,HM764594.1,HM764494.1,HM764264.1,HM764264.1,HM763942.1,HM763801.1,HM763600.1,HM763206.1,FJ713420.1,NM_001112630.1,HM762955.1,HM762728.1,HM762620.1,HM762374.1,HM762274.1,HM762041.1,HM761876.1,HM761617.1,HM761308.1,HM761104.1,HM760964.1,HM760877.1,HM760709.1,HM760368.1,HM760009.1,HM760188.1,HM759484.1,HM759049.1,HM758777.1,HM757671.1,HM756787.1
Papio hamadryas,HM765122.1,HM764762.1,HM765022.1,HM764595.1,HM764501.1,HM764265.1,HM764265.1,HM763943.1,HM763802.1,HM763601.1,HM763207.1,M74008.1,AF031089.1,HM762962.1,HM762729.1,HM762627.1,HM762375.1,HM762222.1,HM762042.1,HM761877.1,HM761621.1,HM761309.1,HM761105.1,HM760965.1,HM760878.1,HM760715.1,HM760375.1,HM760016.1,HM760195.1,HM759491.1,HM759050.1,HM758784.1,HM757672.1,HM756788.1
Papio papio,HM765123.1,HM764763.1,HM765028.1,HM764596.1,HM764506.1,HM764266.1,HM764266.1,HM763944.1,HM763803.1,HM763602.1,HM763208.1,FJ713411.1,-,HM762967.1,HM762730.1,HM762633.1,HM762376.1,HM762218.1,HM762043.1,HM761878.1,HM761626.1,HM761310.1,HM761106.1,HM760966.1,HM760879.1,HM760721.1,HM760381.1,HM760022.1,HM760201.1,-,HM759051.1,HM758791.1,HM757673.1,HM756789.1
Perodicticus potto,-,HM764890.1,HM765021.1,HM764714.1,HM764500.1,HM764385.1,HM764385.1,HM764065.1,HM763896.1,-,HM763331.1,-,AF172243.1,HM762961.1,HM762847.1,HM762626.1,HM762498.1,HM762223.1,HM762172.1,HM761996.1,-,HM761311.1,-,HM761068.1,HM760880.1,HM760714.1,HM760374.1,HM760015.1,HM760194.1,HM759490.1,HM759171.1,HM758783.1,-,HM756910.1
Pithecia pithecia,-,HM764853.1,HM765029.1,HM764678.1,HM764507.1,HM764356.1,HM764356.1,HM764033.1,FJ648367.1,HM763604.1,HM763301.1,JN161058.1,AF172238.1,HM762968.1,HM762809.1,HM762634.1,HM762466.1,HM762204.1,HM762135.1,HM761960.1,HM761627.1,-,HM761167.1,HM761039.1,HM760882.1,HM760722.1,HM760382.1,HM760023.1,HM760202.1,HM759497.1,HM759140.1,HM758792.1,HM757753.1,HM756875.1
Presbytis comata,HM765125.1,HM764765.1,HM765017.1,HM764598.1,HM764496.1,HM764268.1,HM764268.1,HM763946.1,HM763805.1,HM763607.1,HM763210.1,-,-,HM762957.1,-,HM762622.1,HM762378.1,HM762250.1,HM762045.1,HM761880.1,-,HM761315.1,HM761107.1,HM760968.1,HM760885.1,-,HM760370.1,HM760011.1,HM760190.1,HM759486.1,HM759053.1,HM758779.1,HM757674.1,HM756791.1
Presbytis melalophos,-,HM764766.1,HM765024.1,HM764599.1,HM764502.1,HM764269.1,HM764269.1,HM763947.1,HM763806.1,HM763608.1,HM763211.1,-,-,HM762963.1,-,HM762629.1,HM762379.1,HM762234.1,HM762046.1,HM761881.1,-,HM761316.1,HM761108.1,HM760969.1,HM760886.1,HM760717.1,HM760377.1,HM760018.1,HM760197.1,HM759493.1,HM759054.1,HM758787.1,HM757675.1,HM756792.1
Propithecus coquereli,-,HM764866.1,HM765035.1,HM764690.1,HM764513.1,HM764367.1,HM764367.1,HM764045.1,HM763878.1,-,HM763310.1,-,-,HM762974.1,HM762822.1,HM762640.1,HM762477.1,-,HM762147.1,HM761972.1,HM761633.1,HM761321.1,-,-,HM760891.1,-,HM760388.1,-,-,HM759503.1,HM759152.1,HM758798.1,-,-
Propithecus diadema,HM765222.1,HM764862.1,HM765019.1,HM764686.1,HM764498.1,HM764363.1,HM764363.1,HM764041.1,HM763875.1,EU057278.1,HM763307.1,AY584484.1,-,HM762959.1,HM762818.1,HM762624.1,HM762473.1,HM762281.1,HM762143.1,HM761968.1,HM761619.1,HM761317.1,HM761172.1,HM761045.1,HM760887.1,HM760712.1,HM760372.1,HM760013.1,HM760192.1,HM759488.1,HM759148.1,HM758781.1,EU342335.1,HM756884.1
Propithecus edwardsi,HM765223.1,HM764863.1,HM765020.1,HM764687.1,HM764499.1,HM764364.1,HM764364.1,HM764042.1,HM763876.1,HM763610.1,-,-,-,HM762960.1,HM762819.1,HM762625.1,HM762474.1,HM762242.1,HM762144.1,HM761969.1,HM761620.1,HM761318.1,HM761173.1,HM761046.1,HM760888.1,HM760713.1,HM760373.1,HM760014.1,HM760193.1,HM759489.1,HM759149.1,HM758782.1,HM757757.1,HM756885.1
Propithecus verreauxi,HM765225.1,HM764865.1,HM765036.1,HM764689.1,HM764514.1,HM764366.1,HM764366.1,HM764044.1,JN633378.1,HM763612.1,HM763309.1,-,-,HM762975.1,HM762821.1,HM762641.1,HM762476.1,HM762270.1,HM762146.1,HM761971.1,HM761634.1,HM761320.1,HM761175.1,HM761048.1,HM760890.1,HM760728.1,HM760389.1,HM760029.1,HM760208.1,HM759504.1,HM759151.1,HM758799.1,EU342337.1,HM756887.1
Pygathrix cinerea,HM765126.1,HM764767.1,HM765018.1,HM764600.1,HM764497.1,HM764270.1,HM764270.1,HM763948.1,HM763807.1,HM763613.1,HM763212.1,-,-,HM762958.1,-,HM762623.1,HM762380.1,HM762251.1,HM762047.1,HM761882.1,-,HM761322.1,-,HM760970.1,HM760892.1,HM760711.1,HM760371.1,HM760012.1,HM760191.1,HM759487.1,HM759055.1,HM758780.1,HM757676.1,HM756793.1
Pygathrix nemaeus,HM765127.1,HM764768.1,HM765025.1,HM764601.1,HM764503.1,HM764271.1,HM764271.1,HM763949.1,HM763808.1,HM763614.1,HM763213.1,AY686165.1,AF172213.1,HM762964.1,-,HM762630.1,HM762381.1,HM762229.1,HM762048.1,HM761883.1,-,HM761323.1,HM761109.1,HM760971.1,HM760893.1,HM760718.1,HM760378.1,HM760019.1,HM760198.1,HM759494.1,HM759056.1,HM758788.1,HM757677.1,HM756794.1
Pygathrix nigripes,HM765128.1,HM764769.1,HM765026.1,HM764602.1,HM764504.1,HM764272.1,HM764272.1,HM763950.1,HM763809.1,HM763615.1,HM763214.1,-,-,HM762965.1,-,HM762631.1,HM762382.1,HM762219.1,HM762049.1,HM761884.1,HM761624.1,HM761324.1,HM761110.1,HM760972.1,HM760894.1,HM760719.1,HM760379.1,HM760020.1,HM760199.1,HM759495.1,HM759057.1,HM758789.1,HM757678.1,HM756795.1
Rhinopithecus brelichi,HM765129.1,HM764770.1,HM765037.1,HM764603.1,HM764515.1,HM764273.1,HM764273.1,HM763951.1,HM763810.1,-,HM763215.1,-,-,HM762976.1,-,HM762642.1,HM762383.1,HM762235.1,HM762050.1,HM761885.1,HM761635.1,HM761325.1,HM761111.1,HM760973.1,HM760895.1,HM760729.1,HM760390.1,HM760030.1,HM760209.1,HM759505.1,HM759058.1,HM758800.1,HM757679.1,HM756796.1
Saguinus bicolor,HM765196.1,HM764834.1,HM765039.1,HM764663.1,HM764517.1,HM764337.1,HM764337.1,HM764014.1,HM763857.1,-,HM763282.1,-,-,HM762978.1,HM762787.1,HM762644.1,HM762449.1,HM762286.1,HM762114.1,HM761944.1,HM761637.1,HM761326.1,-,HM761026.1,HM760896.1,HM760731.1,HM760391.1,HM760031.1,HM760210.1,HM759506.1,HM759122.1,HM758801.1,HM757741.1,HM756855.1
Saguinus fuscicollis,HM765197.1,HM764835.1,HM765043.1,HM764664.1,HM764521.1,HM764338.1,HM764338.1,HM764015.1,HM763858.1,-,HM763283.1,-,-,HM762982.1,HM762788.1,HM762648.1,HM762450.1,HM762261.1,HM762115.1,-,HM761641.1,HM761327.1,-,HM761027.1,HM760897.1,HM760735.1,HM760395.1,HM760035.1,HM760214.1,HM759510.1,HM759123.1,HM758805.1,HM757742.1,HM756856.1
Saguinus labiatus,HM765199.1,HM764838.1,HM765047.1,HM764666.1,HM764524.1,HM764340.1,HM764340.1,HM764017.1,HM763860.1,HM763616.1,HM763285.1,-,-,HM762985.1,HM762791.1,HM762652.1,HM762453.1,HM762205.1,HM762118.1,HM761947.1,HM761645.1,HM761329.1,HM761157.1,HM761029.1,HM760900.1,HM760739.1,HM760399.1,HM760039.1,HM760218.1,HM759514.1,HM759125.1,HM758810.1,HM757744.1,HM756859.1
Saguinus mystax,HM765202.1,HM764840.1,HM765050.1,-,HM764527.1,HM764344.1,HM764344.1,HM764020.1,HM763862.1,HM763618.1,HM763289.1,-,-,HM762988.1,HM762794.1,HM762655.1,HM762456.1,HM762285.1,HM762122.1,HM761951.1,HM761648.1,HM761332.1,HM761159.1,HM761031.1,HM760903.1,HM760741.1,HM760402.1,HM760041.1,HM760221.1,HM759517.1,HM759127.1,HM758813.1,HM757747.1,HM756863.1
Saguinus oedipus,HM765203.1,HM764841.1,HM765051.1,-,HM764528.1,HM764345.1,HM764345.1,HM764021.1,HM763863.1,-,HM763290.1,-,AF178084.1,HM762989.1,HM762795.1,HM762656.1,HM762457.1,HM762287.1,HM762123.1,HM761952.1,HM761649.1,HM761333.1,HM761160.1,HM761032.1,HM760904.1,HM760742.1,HM760403.1,HM760042.1,HM760222.1,HM759518.1,HM759128.1,HM758814.1,HM757748.1,HM756864.1
Saimiri oerstedii,HM765205.1,HM764843.1,HM765052.1,HM764670.1,HM764529.1,HM764347.1,HM764347.1,HM764023.1,HM763864.1,HM763620.1,HM763292.1,-,-,HM762990.1,HM762797.1,HM762657.1,HM762459.1,HM762208.1,HM762125.1,HM761954.1,HM761650.1,HM761335.1,HM761162.1,HM761034.1,HM760905.1,HM760743.1,HM760404.1,HM760043.1,HM760223.1,HM759519.1,HM759130.1,HM758815.1,-,HM756866.1
Saimiri sciureus,HM765206.1,HM764844.1,HM765053.1,HM764671.1,HM764530.1,HM764348.1,HM764348.1,HM764024.1,HM763865.1,HM763621.1,HM763293.1,KF356028.1,-,HM762991.1,HM762798.1,HM762658.1,HM762460.1,HM762269.1,HM762126.1,HM761955.1,HM761651.1,HM761336.1,HM761163.1,HM761035.1,HM760906.1,HM760744.1,HM760405.1,HM760044.1,HM760224.1,HM759520.1,HM759131.1,HM758816.1,HM757750.1,HM756867.1
Sapajus xanthosternos,-,HM764831.1,HM764959.1,HM764661.1,HM764439.1,HM764334.1,HM764334.1,HM764011.1,HM763855.1,HM763524.1,HM763279.1,-,-,HM762901.1,HM762784.1,HM762561.1,HM762446.1,HM762249.1,HM762111.1,HM761941.1,HM761558.1,HM761221.1,-,HM761024.1,-,-,HM760309.1,HM759950.1,HM760134.1,HM759426.1,HM759119.1,HM758719.1,HM757738.1,HM756852.1
Semnopithecus entellus,HM765130.1,HM764771.1,HM765041.1,HM764605.1,HM764519.1,HM764274.1,HM764274.1,HM763953.1,HM763811.1,HM763623.1,HM763216.1,-,AF172220.1,HM762980.1,-,HM762647.1,HM762385.1,HM762230.1,HM762051.1,HM761887.1,HM761639.1,HM761338.1,HM761112.1,HM760975.1,HM760908.1,HM760733.1,HM760393.1,HM760033.1,HM760213.1,HM759508.1,HM759059.1,HM758804.1,HM757681.1,HM756797.1
Semnopithecus hector,HM765132.1,HM764773.1,HM765045.1,HM764606.1,HM764523.1,HM764275.1,HM764275.1,HM763954.1,HM763812.1,HM763624.1,HM763218.1,-,-,HM762984.1,-,HM762650.1,HM762386.1,HM762293.1,HM762053.1,HM761888.1,HM761643.1,HM761339.1,HM761114.1,HM760976.1,HM760909.1,HM760737.1,HM760397.1,HM760037.1,HM760216.1,HM759512.1,HM759061.1,HM758807.1,HM757682.1,HM756799.1
Symphalangus syndactylus,HM765149.1,HM764790.1,HM765055.1,HM764623.1,HM764531.1,HM764291.1,HM764291.1,HM763970.1,HM763826.1,HM763625.1,HM763234.1,-,AF172230.1,HM762992.1,HM762741.1,HM762660.1,HM762402.1,-,HM762070.1,HM761903.1,HM761653.1,HM761340.1,-,HM760991.1,HM760910.1,HM760746.1,HM760407.1,HM760046.1,HM760226.1,HM759522.1,HM759076.1,HM758819.1,HM757697.1,HM756816.1
Tarsius tarsier,-,-,-,-,-,-,-,-,FJ648368.1,-,-,-,-,-,-,-,-,-,-,-,-,-,-,-,-,-,-,-,-,-,-,-,-,-
Trachypithecus auratus,HM765134.1,HM764775.1,HM765056.1,HM764608.1,HM764532.1,HM764277.1,HM764152.1,HM763956.1,HM763813.1,HM763627.1,HM763220.1,-,-,HM762993.1,-,HM762661.1,HM762388.1,HM762232.1,HM762055.1,HM761889.1,HM761654.1,HM761344.1,HM761116.1,HM760978.1,HM760912.1,HM760747.1,HM760408.1,HM760047.1,HM760227.1,HM759523.1,HM759063.1,HM758820.1,HM757684.1,HM756801.1
Trachypithecus delacouri,HM765135.1,HM764776.1,HM765058.1,HM764609.1,HM764534.1,HM764278.1,HM764157.1,HM763957.1,HM763814.1,HM763628.1,HM763221.1,-,-,HM762995.1,-,HM762663.1,HM762389.1,HM762294.1,HM762056.1,HM761890.1,HM761656.1,HM761345.1,HM761117.1,HM760979.1,HM760913.1,HM760749.1,HM760410.1,HM760049.1,HM760229.1,HM759525.1,HM759064.1,HM758822.1,MF918551.1,HM756802.1
Trachypithecus francoisi,HM765136.1,HM764777.1,HM765059.1,HM764610.1,HM764535.1,HM764279.1,HM764083.1,HM763958.1,HM763815.1,-,HM763222.1,AY686166.1,AF172219.1,HM762996.1,-,HM762664.1,HM762390.1,HM762198.1,HM762057.1,HM761891.1,-,HM761346.1,HM761118.1,HM760980.1,HM760914.1,HM760750.1,HM760411.1,HM760050.1,HM760230.1,HM759526.1,HM759065.1,HM758823.1,HM757686.1,HM756803.1
Trachypithecus hatinhensis,HM765137.1,HM764778.1,HM765062.1,HM764611.1,HM764537.1,HM764280.1,HM764163.1,HM763959.1,HM763816.1,HM763629.1,HM763223.1,-,-,HM762999.1,-,HM762667.1,HM762391.1,HM762213.1,HM762058.1,HM761892.1,HM761658.1,HM761347.1,HM761119.1,HM760981.1,HM760915.1,HM760752.1,HM760414.1,HM760053.1,HM760233.1,HM759529.1,-,HM758825.1,HM757687.1,HM756804.1
Trachypithecus obscurus,HM765138.1,HM764779.1,HM765064.1,HM764612.1,HM764539.1,HM764281.1,HM764066.1,HM763960.1,HM763817.1,-,HM763224.1,AY686167.1,-,HM763001.1,-,HM762669.1,HM762392.1,HM762248.1,HM762059.1,HM761893.1,-,HM761348.1,HM761120.1,HM760982.1,HM760916.1,HM760754.1,HM760416.1,HM760055.1,HM760235.1,HM759531.1,HM759066.1,HM758826.1,HM757688.1,HM756805.1
Trachypithecus phayrei,HM765139.1,HM764780.1,HM765065.1,HM764613.1,HM764540.1,HM764282.1,HM764161.1,HM763961.1,HM763818.1,HM763630.1,HM763225.1,-,AF172218.1,HM763002.1,-,HM762670.1,HM762393.1,HM762237.1,HM762060.1,HM761894.1,HM761661.1,HM761349.1,HM761121.1,HM760983.1,HM760917.1,HM760755.1,HM760417.1,HM760056.1,HM760236.1,HM759532.1,HM759067.1,HM758827.1,MF918554.1,HM756806.1
Trachypithecus vetulus,HM765140.1,HM764781.1,HM765067.1,HM764614.1,HM764542.1,HM764283.1,HM764189.1,HM763962.1,HM763819.1,HM763631.1,HM763226.1,-,-,HM763004.1,-,HM762672.1,HM762394.1,HM762231.1,HM762061.1,HM761895.1,-,HM761350.1,HM761122.1,HM760984.1,HM760918.1,HM760757.1,HM760419.1,HM760058.1,HM760238.1,HM759534.1,HM759068.1,HM758829.1,HM757690.1,HM756807.1
